{
    "Aveiro": [
        "Albergaria-a-Velha",
        "Anadia",
        "Arouca",
        "Aveiro",
        "Castelo de Paiva",
        "Espinho",
        "Estarreja",
        "Mealhada",
        "Murtosa",
        "Oliveira de Azem\u00e9is",
        "Oliveira do Bairro",
        "Ovar",
        "Santa Maria da Feira",
        "Sever do Vouga",
        "S\u00e3o Jo\u00e3o da Madeira",
        "Vagos",
        "Vale de Cambra",
        "\u00c1gueda",
        "\u00cdlhavo"
    ],
    "A\u00e7ores": [
        "Angra do Hero\u00edsmo",
        "Calheta (S\u00e3o Jorge)",
        "Corvo",
        "Horta",
        "Lagoa (S\u00e3o Miguel)",
        "Lajes das Flores",
        "Lajes do Pico",
        "Madalena",
        "Nordeste",
        "Ponta Delgada",
        "Povoa\u00e7\u00e3o",
        "Praia da Vit\u00f3ria",
        "Ribeira Grande",
        "Santa Cruz da Graciosa",
        "Santa Cruz das Flores",
        "S\u00e3o Roque do Pico",
        "Velas",
        "Vila Franca do Campo",
        "Vila do Porto"
    ],
    "Beja": [
        "Aljustrel",
        "Almod\u00f4var",
        "Alvito",
        "Barrancos",
        "Beja",
        "Castro Verde",
        "Cuba",
        "Ferreira do Alentejo",
        "Moura",
        "M\u00e9rtola",
        "Odemira",
        "Ourique",
        "Serpa",
        "Vidigueira"
    ],
    "Braga": [
        "Amares",
        "Barcelos",
        "Braga",
        "Cabeceiras de Basto",
        "Celorico de Basto",
        "Esposende",
        "Fafe",
        "Guimar\u00e3es",
        "P\u00f3voa de Lanhoso",
        "Terras de Bouro",
        "Vieira do Minho",
        "Vila Nova de Famalic\u00e3o",
        "Vila Verde",
        "Vizela"
    ],
    "Bragan\u00e7a": [
        "Alfandega da F\u00e9",
        "Bragan\u00e7a",
        "Carrazeda de Ansi\u00e3es",
        "Freixo Espada \u00e0 Cinta",
        "Macedo de Cavaleiros",
        "Miranda do Douro",
        "Mirandela",
        "Mogadouro",
        "Torre de Moncorvo",
        "Vila Flor",
        "Vimioso",
        "Vinhais"
    ],
    "Castelo Branco": [
        "Belmonte",
        "Castelo Branco",
        "Covilh\u00e3",
        "Fund\u00e3o",
        "Idanha-a-Nova",
        "Oleiros",
        "Penamacor",
        "Proen\u00e7a-a-Nova",
        "Sert\u00e3",
        "Vila Velha de Rod\u00e3o",
        "Vila de Rei"
    ],
    "Coimbra": [
        "Arganil",
        "Cantanhede",
        "Coimbra",
        "Condeixa-a-Nova",
        "Figueira da Foz",
        "G\u00f3is",
        "Lous\u00e3",
        "Mira",
        "Miranda do Corvo",
        "Montemor-o-Velho",
        "Oliveira do Hospital",
        "Pampilhosa da Serra",
        "Penacova",
        "Penela",
        "Soure",
        "T\u00e1bua",
        "Vila Nova de Poiares"
    ],
    "Faro": [
        "Albufeira",
        "Alcoutim",
        "Aljezur",
        "Castro Marim",
        "Faro",
        "Lagoa (Algarve)",
        "Lagos",
        "Loul\u00e9",
        "Monchique",
        "Olh\u00e3o",
        "Portim\u00e3o",
        "Silves",
        "S\u00e3o Br\u00e1s de Alportel",
        "Tavira",
        "Vila Real de Santo Ant\u00f3nio",
        "Vila do Bispo"
    ],
    "Guarda": [
        "Aguiar da Beira",
        "Almeida",
        "Celorico da Beira",
        "Figueira de Castelo Rodrigo",
        "Fornos de Algodres",
        "Gouveia",
        "Guarda",
        "Manteigas",
        "Meda",
        "Pinhel",
        "Sabugal",
        "Seia",
        "Trancoso",
        "Vila Nova de Foz C\u00f4a"
    ],
    "Leiria": [
        "Alcoba\u00e7a",
        "Alvai\u00e1zere",
        "Ansi\u00e3o",
        "Batalha",
        "Bombarral",
        "Caldas da Rainha",
        "Castanheira de P\u00eara",
        "Figueir\u00f3 dos Vinhos",
        "Leiria",
        "Marinha Grande",
        "Nazar\u00e9",
        "Pedr\u00f3g\u00e3o Grande",
        "Peniche",
        "Pombal",
        "Porto de M\u00f3s",
        "\u00d3bidos"
    ],
    "Lisboa": [
        "Alenquer",
        "Amadora",
        "Arruda dos Vinhos",
        "Azambuja",
        "Cadaval",
        "Cascais",
        "Lisboa",
        "Loures",
        "Lourinh\u00e3",
        "Mafra",
        "Odivelas",
        "Oeiras",
        "Sintra",
        "Sobral de Monte Agra\u00e7o",
        "Torres Vedras",
        "Vila Franca de Xira"
    ],
    "Madeira": [
        "Calheta (Madeira)",
        "C\u00e2mara de Lobos",
        "Funchal",
        "Machico",
        "Ponta do Sol",
        "Porto Moniz",
        "Porto Santo",
        "Ribeira Brava",
        "Santa Cruz",
        "Santana",
        "S\u00e3o Vicente"
    ],
    "Portalegre": [
        "Alter do Ch\u00e3o",
        "Arronches",
        "Avis",
        "Campo Maior",
        "Castelo de Vide",
        "Crato",
        "Elvas",
        "Fronteira",
        "Gavi\u00e3o",
        "Marv\u00e3o",
        "Monforte",
        "Nisa",
        "Ponte de Sor",
        "Portalegre",
        "Sousel"
    ],
    "Porto": [
        "Amarante",
        "Bai\u00e3o",
        "Felgueiras",
        "Gondomar",
        "Lousada",
        "Maia",
        "Marco de Canaveses",
        "Matosinhos",
        "Paredes",
        "Pa\u00e7os de Ferreira",
        "Penafiel",
        "Porto",
        "P\u00f3voa de Varzim",
        "Santo Tirso",
        "Trofa",
        "Valongo",
        "Vila Nova de Gaia",
        "Vila do Conde"
    ],
    "Santar\u00e9m": [
        "Abrantes",
        "Alcanena",
        "Almeirim",
        "Alpiar\u00e7a",
        "Benavente",
        "Cartaxo",
        "Chamusca",
        "Const\u00e2ncia",
        "Coruche",
        "Entroncamento",
        "Ferreira do Z\u00eazere",
        "Goleg\u00e3",
        "Ma\u00e7\u00e3o",
        "Our\u00e9m",
        "Rio Maior",
        "Salvaterra de Magos",
        "Santar\u00e9m",
        "Sardoal",
        "Tomar",
        "Torres Novas",
        "Vila Nova da Barquinha"
    ],
    "Set\u00fabal": [
        "Alcochete",
        "Alc\u00e1cer do Sal",
        "Almada",
        "Barreiro",
        "Gr\u00e2ndola",
        "Moita",
        "Montijo",
        "Palmela",
        "Santiago do Cac\u00e9m",
        "Seixal",
        "Sesimbra",
        "Set\u00fabal",
        "Sines"
    ],
    "Viana do Castelo": [
        "Arcos de Valdevez",
        "Caminha",
        "Melga\u00e7o",
        "Mon\u00e7\u00e3o",
        "Paredes de Coura",
        "Ponte da Barca",
        "Ponte de Lima",
        "Valen\u00e7a",
        "Viana do Castelo",
        "Vila Nova de Cerveira"
    ],
    "Vila Real": [
        "Alij\u00f3",
        "Boticas",
        "Chaves",
        "Mes\u00e3o Frio",
        "Mondim de Basto",
        "Montalegre",
        "Mur\u00e7a",
        "Peso da R\u00e9gua",
        "Ribeira de Pena",
        "Sabrosa",
        "Santa Marta de Penagui\u00e3o",
        "Valpa\u00e7os",
        "Vila Pouca de Aguiar",
        "Vila Real"
    ],
    "Viseu": [
        "Armamar",
        "Carregal do Sal",
        "Castro Daire",
        "Cinf\u00e3es",
        "Lamego",
        "Mangualde",
        "Moimenta da Beira",
        "Mort\u00e1gua",
        "Nelas",
        "Oliveira de Frades",
        "Penalva do Castelo",
        "Penedono",
        "Resende",
        "Santa Comba D\u00e3o",
        "Sernancelhe",
        "S\u00e1t\u00e3o",
        "S\u00e3o Jo\u00e3o da Pesqueira",
        "S\u00e3o Pedro do Sul",
        "Tabua\u00e7o",
        "Tarouca",
        "Tondela",
        "Vila Nova de Paiva",
        "Viseu",
        "Vouzela"
    ],
    "\u00c9vora": [
        "Alandroal",
        "Arraiolos",
        "Borba",
        "Estremoz",
        "Montemor-o-Novo",
        "Mora",
        "Mour\u00e3o",
        "Portel",
        "Redondo",
        "Reguengos de Monsaraz",
        "Vendas Novas",
        "Viana do Alentejo",
        "Vila Vi\u00e7osa",
        "\u00c9vora"
    ]
}